country_id,boundary
1,MULTIPOLYGON(
(
(-124.784407 24.743319, -66.951381 24.743319, -66.951381 49.345786,
 -124.784407 49.345786, -124.784407 24.743319)
),
(
(-170.0 51.0, -130.0 51.0, -130.0 71.0,
 -170.0 71.0, -170.0 51.0)
),
(
(-161.0 18.5, -154.5 18.5, -154.5 22.5,
 -161.0 22.5, -161.0 18.5)
)
)

